,image,X,Y,score_1,label_id_1,label_code_1,label_name_1,score_2,label_id_2,label_code_2,label_name_2,score_3,label_id_3,label_code_3,label_name_3,score_4,label_id_4,label_code_4,label_name_4,score_5,label_id_5,label_code_5,label_name_5
0,mcr_lter1_fringingreef_pole4-5_qu2_20080415.jpg,53,3,0.817521635851448,85,Off,Off,0.07274422126616759,101,CCA,CCA (crustose coralline algae),0.05580446193946347,74,Porit,Porites,0.03577654534526118,82,Turf,Turf algae,0.010602771183562117,84,Sand,Sand
1,mcr_lter1_fringingreef_pole4-5_qu2_20080415.jpg,45,68,0.545645339555887,101,CCA,CCA (crustose coralline algae),0.23172286661191085,82,Turf,Turf algae,0.15214911576541607,74,Porit,Porites,0.03237701742890832,85,Off,Off,0.024719109579349148,84,Sand,Sand
2,mcr_lter1_fringingreef_pole4-5_qu2_20080415.jpg,7,130,0.7768140128052744,101,CCA,CCA (crustose coralline algae),0.11603427687683444,84,Sand,Sand,0.041087432827628646,82,Turf,Turf algae,0.03904224763187721,74,Porit,Porites,0.011874352535649075,81,Macro,Macroalgae
3,mcr_lter1_fringingreef_pole4-5_qu2_20080415.jpg,46,215,0.8337629940824701,101,CCA,CCA (crustose coralline algae),0.05264860234189619,84,Sand,Sand,0.052372058504284676,82,Turf,Turf algae,0.03512846332648719,74,Porit,Porites,0.014442935221118839,85,Off,Off
4,mcr_lter1_fringingreef_pole4-5_qu2_20080415.jpg,9,245,0.7235346994747368,101,CCA,CCA (crustose coralline algae),0.10439789447415698,82,Turf,Turf algae,0.07601891676536311,84,Sand,Sand,0.04812406962646292,74,Porit,Porites,0.031925490401336284,85,Off,Off
5,mcr_lter1_fringingreef_pole4-5_qu2_20080415.jpg,14,307,0.47267620818572725,84,Sand,Sand,0.21265271427658175,82,Turf,Turf algae,0.19175842832841786,101,CCA,CCA (crustose coralline algae),0.05518544353091322,74,Porit,Porites,0.049998154657698954,85,Off,Off
6,mcr_lter1_fringingreef_pole4-5_qu2_20080415.jpg,39,348,0.5516750339752916,84,Sand,Sand,0.20174343286388477,101,CCA,CCA (crustose coralline algae),0.11185203117729782,82,Turf,Turf algae,0.06682325256350262,85,Off,Off,0.05197951073325936,74,Porit,Porites
7,mcr_lter1_fringingreef_pole4-5_qu2_20080415.jpg,42,433,0.6106139629075462,101,CCA,CCA (crustose coralline algae),0.2353384405830821,84,Sand,Sand,0.06246631761008133,82,Turf,Turf algae,0.04682493577846219,74,Porit,Porites,0.030279916085358568,85,Off,Off
8,mcr_lter1_fringingreef_pole4-5_qu2_20080415.jpg,37,506,0.45768698374638384,84,Sand,Sand,0.4285415726997576,101,CCA,CCA (crustose coralline algae),0.03956775907463117,74,Porit,Porites,0.03879937938411593,82,Turf,Turf algae,0.022756520695289807,85,Off,Off
9,mcr_lter1_fringingreef_pole4-5_qu2_20080415.jpg,49,562,0.7469915638075371,84,Sand,Sand,0.19628471492209257,101,CCA,CCA (crustose coralline algae),0.024276433168183356,74,Porit,Porites,0.02066659278432072,82,Turf,Turf algae,0.004177948116464295,81,Macro,Macroalgae
10,mcr_lter1_fringingreef_pole4-5_qu2_20080415.jpg,26,600,0.7748666777893833,84,Sand,Sand,0.16397775914791365,101,CCA,CCA (crustose coralline algae),0.02490700599802551,74,Porit,Porites,0.022298521284875566,82,Turf,Turf algae,0.005724324497142571,85,Off,Off
11,mcr_lter1_fringingreef_pole4-5_qu2_20080415.jpg,1,670,0.8712853047473618,84,Sand,Sand,0.06780240183316226,101,CCA,CCA (crustose coralline algae),0.025831926030345773,74,Porit,Porites,0.022413853564280807,82,Turf,Turf algae,0.00463957999423838,85,Off,Off
12,mcr_lter1_fringingreef_pole4-5_qu2_20080415.jpg,10,695,0.8641585203171818,84,Sand,Sand,0.06521433672242603,101,CCA,CCA (crustose coralline algae),0.03168324497331994,74,Porit,Porites,0.023839116643904045,82,Turf,Turf algae,0.006994623151857001,85,Off,Off
13,mcr_lter1_fringingreef_pole4-5_qu2_20080415.jpg,16,754,0.8334594646310113,84,Sand,Sand,0.048216741842381984,101,CCA,CCA (crustose coralline algae),0.044585864728120185,74,Porit,Porites,0.03722785682578153,85,Off,Off,0.02790135295687467,82,Turf,Turf algae
14,mcr_lter1_fringingreef_pole4-5_qu2_20080415.jpg,85,42,0.8517189558457685,101,CCA,CCA (crustose coralline algae),0.047224667188329655,82,Turf,Turf algae,0.04707978914384865,74,Porit,Porites,0.033046225523766674,85,Off,Off,0.011925287368283636,84,Sand,Sand
15,mcr_lter1_fringingreef_pole4-5_qu2_20080415.jpg,78,80,0.9152674406963912,101,CCA,CCA (crustose coralline algae),0.029101455669998038,82,Turf,Turf algae,0.027349898768001306,74,Porit,Porites,0.015406516722127646,84,Sand,Sand,0.005557467944110679,81,Macro,Macroalgae
16,mcr_lter1_fringingreef_pole4-5_qu2_20080415.jpg,58,167,0.9238517944500982,101,CCA,CCA (crustose coralline algae),0.02641170714281298,74,Porit,Porites,0.02501477089593182,82,Turf,Turf algae,0.011214808321040534,84,Sand,Sand,0.005607145653338909,81,Macro,Macroalgae
17,mcr_lter1_fringingreef_pole4-5_qu2_20080415.jpg,92,179,0.929518843957611,101,CCA,CCA (crustose coralline algae),0.025766112238693132,74,Porit,Porites,0.02323458225730919,82,Turf,Turf algae,0.008824413324722074,84,Sand,Sand,0.004823636792480483,81,Macro,Macroalgae
18,mcr_lter1_fringingreef_pole4-5_qu2_20080415.jpg,81,277,0.924090069324739,101,CCA,CCA (crustose coralline algae),0.027720077914762185,82,Turf,Turf algae,0.02609263407998943,74,Porit,Porites,0.009585439743781898,84,Sand,Sand,0.004640791469048237,81,Macro,Macroalgae
19,mcr_lter1_fringingreef_pole4-5_qu2_20080415.jpg,58,334,0.8936719275997342,101,CCA,CCA (crustose coralline algae),0.0457011306769693,82,Turf,Turf algae,0.02818087872022549,74,Porit,Porites,0.019087624382431362,84,Sand,Sand,0.004950811704667235,81,Macro,Macroalgae
20,mcr_lter1_fringingreef_pole4-5_qu2_20080415.jpg,107,392,0.8108970343733904,101,CCA,CCA (crustose coralline algae),0.12303765510662493,84,Sand,Sand,0.027529226767086898,74,Porit,Porites,0.0253043119219046,82,Turf,Turf algae,0.0049154310109280905,81,Macro,Macroalgae
21,mcr_lter1_fringingreef_pole4-5_qu2_20080415.jpg,82,414,0.9190934606560264,101,CCA,CCA (crustose coralline algae),0.02625475971186614,74,Porit,Porites,0.024263780358198782,82,Turf,Turf algae,0.017729734074774732,84,Sand,Sand,0.004702654191724449,81,Macro,Macroalgae
22,mcr_lter1_fringingreef_pole4-5_qu2_20080415.jpg,67,505,0.9258159671480455,101,CCA,CCA (crustose coralline algae),0.02618085424952953,74,Porit,Porites,0.02297523964095754,82,Turf,Turf algae,0.012501730526000737,84,Sand,Sand,0.004663433439782611,81,Macro,Macroalgae
23,mcr_lter1_fringingreef_pole4-5_qu2_20080415.jpg,92,516,0.800233133899451,101,CCA,CCA (crustose coralline algae),0.13535418143602904,84,Sand,Sand,0.02722259630090612,74,Porit,Porites,0.02402822501413461,82,Turf,Turf algae,0.004896044263477013,81,Macro,Macroalgae
24,mcr_lter1_fringingreef_pole4-5_qu2_20080415.jpg,95,621,0.8209986619296469,101,CCA,CCA (crustose coralline algae),0.11428761554285824,84,Sand,Sand,0.027228173883577584,74,Porit,Porites,0.02432682803810211,82,Turf,Turf algae,0.004872495157882017,81,Macro,Macroalgae
25,mcr_lter1_fringingreef_pole4-5_qu2_20080415.jpg,90,661,0.8925292979869413,101,CCA,CCA (crustose coralline algae),0.04357315276709624,84,Sand,Sand,0.026775778002296358,74,Porit,Porites,0.024187020701951757,82,Turf,Turf algae,0.004789150597942679,81,Macro,Macroalgae
26,mcr_lter1_fringingreef_pole4-5_qu2_20080415.jpg,76,687,0.8151063509068436,101,CCA,CCA (crustose coralline algae),0.10044429969820409,82,Turf,Turf algae,0.03494389005408907,84,Sand,Sand,0.03338743196999578,74,Porit,Porites,0.006725954323675292,81,Macro,Macroalgae
27,mcr_lter1_fringingreef_pole4-5_qu2_20080415.jpg,64,752,0.5380878718674177,84,Sand,Sand,0.26875809306083215,101,CCA,CCA (crustose coralline algae),0.08925098726216027,74,Porit,Porites,0.08380368014780072,82,Turf,Turf algae,0.00943898675866732,81,Macro,Macroalgae
28,mcr_lter1_fringingreef_pole4-5_qu2_20080415.jpg,132,51,0.59623136167469,101,CCA,CCA (crustose coralline algae),0.10168935976884301,85,Off,Off,0.10018408681406082,82,Turf,Turf algae,0.09894525202620079,84,Sand,Sand,0.08514408409309304,74,Porit,Porites
29,mcr_lter1_fringingreef_pole4-5_qu2_20080415.jpg,125,103,0.9257272999314969,101,CCA,CCA (crustose coralline algae),0.02603060331275954,74,Porit,Porites,0.02393748823797989,82,Turf,Turf algae,0.011290108542025685,84,Sand,Sand,0.005154688250149004,81,Macro,Macroalgae
30,mcr_lter1_fringingreef_pole4-5_qu2_20080415.jpg,129,128,0.9241697649430282,101,CCA,CCA (crustose coralline algae),0.026023262540663117,74,Porit,Porites,0.02323814860985075,82,Turf,Turf algae,0.013844806942401472,84,Sand,Sand,0.004813633065901545,81,Macro,Macroalgae
31,mcr_lter1_fringingreef_pole4-5_qu2_20080415.jpg,119,215,0.9235596416924702,101,CCA,CCA (crustose coralline algae),0.026144087716529665,74,Porit,Porites,0.02457277968202126,82,Turf,Turf algae,0.013060979842291638,84,Sand,Sand,0.0047528114178378095,81,Macro,Macroalgae
32,mcr_lter1_fringingreef_pole4-5_qu2_20080415.jpg,115,273,0.9107849322737811,101,CCA,CCA (crustose coralline algae),0.027117222217668272,74,Porit,Porites,0.026788485010642817,82,Turf,Turf algae,0.02249463342047781,84,Sand,Sand,0.004760241899823658,81,Macro,Macroalgae
33,mcr_lter1_fringingreef_pole4-5_qu2_20080415.jpg,170,327,0.8429150698046518,84,Sand,Sand,0.09904906874437962,101,CCA,CCA (crustose coralline algae),0.025540701931566382,74,Porit,Porites,0.02107144296069033,82,Turf,Turf algae,0.004466568006011317,81,Macro,Macroalgae
34,mcr_lter1_fringingreef_pole4-5_qu2_20080415.jpg,128,360,0.7005392618124899,101,CCA,CCA (crustose coralline algae),0.23454198654959424,84,Sand,Sand,0.027040355459062783,74,Porit,Porites,0.024840567860758785,82,Turf,Turf algae,0.004837704954052925,81,Macro,Macroalgae
35,mcr_lter1_fringingreef_pole4-5_qu2_20080415.jpg,134,444,0.48846446827851375,101,CCA,CCA (crustose coralline algae),0.45341903853228904,84,Sand,Sand,0.024525754551166817,74,Porit,Porites,0.02173739719981541,82,Turf,Turf algae,0.004394794914895434,81,Macro,Macroalgae
36,mcr_lter1_fringingreef_pole4-5_qu2_20080415.jpg,145,503,0.9056093584540081,101,CCA,CCA (crustose coralline algae),0.031669742607190944,84,Sand,Sand,0.02651610718135738,74,Porit,Porites,0.02337406844601576,82,Turf,Turf algae,0.004764606845634268,81,Macro,Macroalgae
37,mcr_lter1_fringingreef_pole4-5_qu2_20080415.jpg,132,516,0.6637760119177821,101,CCA,CCA (crustose coralline algae),0.2735784391013828,84,Sand,Sand,0.02645503419871908,74,Porit,Porites,0.023385429808865328,82,Turf,Turf algae,0.004765993266873803,81,Macro,Macroalgae
38,mcr_lter1_fringingreef_pole4-5_qu2_20080415.jpg,128,601,0.7231172556788089,84,Sand,Sand,0.22403876325002461,101,CCA,CCA (crustose coralline algae),0.02229712502447688,74,Porit,Porites,0.019779178477700585,82,Turf,Turf algae,0.003989299839065276,81,Macro,Macroalgae
39,mcr_lter1_fringingreef_pole4-5_qu2_20080415.jpg,160,638,0.8335761022494538,84,Sand,Sand,0.11231553795509033,101,CCA,CCA (crustose coralline algae),0.022823499653111947,74,Porit,Porites,0.020260177464812842,82,Turf,Turf algae,0.0040836225316326046,81,Macro,Macroalgae
40,mcr_lter1_fringingreef_pole4-5_qu2_20080415.jpg,130,694,0.8152897327340707,101,CCA,CCA (crustose coralline algae),0.11136527384785594,84,Sand,Sand,0.030495671573910425,82,Turf,Turf algae,0.02892546967151533,74,Porit,Porites,0.00532653105966279,81,Macro,Macroalgae
41,mcr_lter1_fringingreef_pole4-5_qu2_20080415.jpg,166,744,0.9262488885914631,101,CCA,CCA (crustose coralline algae),0.02618704608917149,82,Turf,Turf algae,0.0259483356065645,74,Porit,Porites,0.009069346561829674,84,Sand,Sand,0.004687188741989544,81,Macro,Macroalgae
42,mcr_lter1_fringingreef_pole4-5_qu2_20080415.jpg,205,29,0.5957680684054387,84,Sand,Sand,0.25514992486106725,101,CCA,CCA (crustose coralline algae),0.04715504889629588,85,Off,Off,0.045115991092866056,74,Porit,Porites,0.043218777542567026,82,Turf,Turf algae
43,mcr_lter1_fringingreef_pole4-5_qu2_20080415.jpg,204,67,0.8068501840021297,101,CCA,CCA (crustose coralline algae),0.12376978800218745,84,Sand,Sand,0.028768287373060523,74,Porit,Porites,0.02689537061917604,82,Turf,Turf algae,0.005314245874348352,81,Macro,Macroalgae
44,mcr_lter1_fringingreef_pole4-5_qu2_20080415.jpg,192,161,0.7360694545552691,101,CCA,CCA (crustose coralline algae),0.19758681701804254,84,Sand,Sand,0.028303697283555286,74,Porit,Porites,0.02472266263566867,82,Turf,Turf algae,0.00508009804205259,81,Macro,Macroalgae
45,mcr_lter1_fringingreef_pole4-5_qu2_20080415.jpg,228,177,0.7106604332197713,84,Sand,Sand,0.23119326869844137,101,CCA,CCA (crustose coralline algae),0.0259111214453534,74,Porit,Porites,0.02115421483659554,82,Turf,Turf algae,0.004236719135158673,81,Macro,Macroalgae
46,mcr_lter1_fringingreef_pole4-5_qu2_20080415.jpg,180,243,0.5264439601252828,84,Sand,Sand,0.40182567317617535,101,CCA,CCA (crustose coralline algae),0.03328344108508373,74,Porit,Porites,0.02540573523498981,82,Turf,Turf algae,0.005231044968270986,81,Macro,Macroalgae
47,mcr_lter1_fringingreef_pole4-5_qu2_20080415.jpg,189,335,0.6426891298063417,84,Sand,Sand,0.30078909142929344,101,CCA,CCA (crustose coralline algae),0.02431370571600628,74,Porit,Porites,0.020984633074531838,82,Turf,Turf algae,0.004264437610184356,81,Macro,Macroalgae
48,mcr_lter1_fringingreef_pole4-5_qu2_20080415.jpg,196,389,0.868539007432035,84,Sand,Sand,0.07564328522942339,101,CCA,CCA (crustose coralline algae),0.023829219274923447,74,Porit,Porites,0.020746021449449977,82,Turf,Turf algae,0.00417030703572937,81,Macro,Macroalgae
49,mcr_lter1_fringingreef_pole4-5_qu2_20080415.jpg,207,455,0.8822744316004081,84,Sand,Sand,0.06209821346934352,101,CCA,CCA (crustose coralline algae),0.023532927059942494,74,Porit,Porites,0.0207373948425782,82,Turf,Turf algae,0.004208407780730998,81,Macro,Macroalgae
50,mcr_lter1_fringingreef_pole4-5_qu2_20080415.jpg,186,465,0.8593642499561416,84,Sand,Sand,0.08566404838605396,101,CCA,CCA (crustose coralline algae),0.02333519194286468,74,Porit,Porites,0.02044925523253367,82,Turf,Turf algae,0.004148123788280065,81,Macro,Macroalgae
51,mcr_lter1_fringingreef_pole4-5_qu2_20080415.jpg,210,535,0.7097892936970969,84,Sand,Sand,0.23611571856085864,101,CCA,CCA (crustose coralline algae),0.02272364330779464,74,Porit,Porites,0.02046737324867357,82,Turf,Turf algae,0.004076757933435285,81,Macro,Macroalgae
52,mcr_lter1_fringingreef_pole4-5_qu2_20080415.jpg,209,626,0.8777180240585988,84,Sand,Sand,0.06653763700219226,101,CCA,CCA (crustose coralline algae),0.02347569556432756,74,Porit,Porites,0.02095036881134253,82,Turf,Turf algae,0.004191494185927023,81,Macro,Macroalgae
53,mcr_lter1_fringingreef_pole4-5_qu2_20080415.jpg,179,627,0.8671216767539002,84,Sand,Sand,0.07770545966491542,101,CCA,CCA (crustose coralline algae),0.02330495328391713,74,Porit,Porites,0.020625186318684246,82,Turf,Turf algae,0.004165209007123294,81,Macro,Macroalgae
54,mcr_lter1_fringingreef_pole4-5_qu2_20080415.jpg,221,713,0.9048011375708389,101,CCA,CCA (crustose coralline algae),0.031247615690325487,84,Sand,Sand,0.026649145008775167,74,Porit,Porites,0.024455949406328788,82,Turf,Turf algae,0.004761463534284802,81,Macro,Macroalgae
55,mcr_lter1_fringingreef_pole4-5_qu2_20080415.jpg,200,790,0.88481932901962,101,CCA,CCA (crustose coralline algae),0.041723365232269494,84,Sand,Sand,0.02952260366969549,74,Porit,Porites,0.028062480844256433,82,Turf,Turf algae,0.005907107927831866,85,Off,Off
56,mcr_lter1_fringingreef_pole4-5_qu2_20080415.jpg,275,14,0.39574668671080643,101,CCA,CCA (crustose coralline algae),0.29648156212249693,84,Sand,Sand,0.1504365861196042,82,Turf,Turf algae,0.1036091569548167,74,Porit,Porites,0.03622782141201353,85,Off,Off
57,mcr_lter1_fringingreef_pole4-5_qu2_20080415.jpg,249,99,0.8490145161202761,101,CCA,CCA (crustose coralline algae),0.08388383266417028,84,Sand,Sand,0.028229672832960913,74,Porit,Porites,0.025572150966456285,82,Turf,Turf algae,0.00499865373382438,81,Macro,Macroalgae
58,mcr_lter1_fringingreef_pole4-5_qu2_20080415.jpg,246,156,0.557508500682503,101,CCA,CCA (crustose coralline algae),0.3775118900388316,84,Sand,Sand,0.02797824117596279,74,Porit,Porites,0.024199873563255703,82,Turf,Turf algae,0.004856038782367403,81,Macro,Macroalgae
59,mcr_lter1_fringingreef_pole4-5_qu2_20080415.jpg,250,222,0.875892256958952,84,Sand,Sand,0.06631649065447678,101,CCA,CCA (crustose coralline algae),0.025023817541832447,74,Porit,Porites,0.02136757322705397,82,Turf,Turf algae,0.004307468396481981,81,Macro,Macroalgae
60,mcr_lter1_fringingreef_pole4-5_qu2_20080415.jpg,242,260,0.886720568508981,84,Sand,Sand,0.054476617332980606,101,CCA,CCA (crustose coralline algae),0.025340096048373558,74,Porit,Porites,0.021952349918452827,82,Turf,Turf algae,0.0044110741568212436,81,Macro,Macroalgae
61,mcr_lter1_fringingreef_pole4-5_qu2_20080415.jpg,240,319,0.8092275070589784,84,Sand,Sand,0.13208768282425756,101,CCA,CCA (crustose coralline algae),0.026315626435867333,74,Porit,Porites,0.021182962789244107,82,Turf,Turf algae,0.004320522755236892,81,Macro,Macroalgae
62,mcr_lter1_fringingreef_pole4-5_qu2_20080415.jpg,235,359,0.8445708325298596,84,Sand,Sand,0.09768597810275247,101,CCA,CCA (crustose coralline algae),0.025034589402838783,74,Porit,Porites,0.021400318141489752,82,Turf,Turf algae,0.0043670429984026945,81,Macro,Macroalgae
63,mcr_lter1_fringingreef_pole4-5_qu2_20080415.jpg,261,431,0.8733868641829586,84,Sand,Sand,0.07095910865458423,101,CCA,CCA (crustose coralline algae),0.023511203428607096,74,Porit,Porites,0.020863339773417748,82,Turf,Turf algae,0.004181818211445156,81,Macro,Macroalgae
64,mcr_lter1_fringingreef_pole4-5_qu2_20080415.jpg,279,503,0.873415793327654,84,Sand,Sand,0.0702621037810925,101,CCA,CCA (crustose coralline algae),0.023550371914437786,74,Porit,Porites,0.021485572497054534,82,Turf,Turf algae,0.004182962209975276,81,Macro,Macroalgae
65,mcr_lter1_fringingreef_pole4-5_qu2_20080415.jpg,250,539,0.865390920157262,84,Sand,Sand,0.0785378560094546,101,CCA,CCA (crustose coralline algae),0.023517080720516382,74,Porit,Porites,0.02131478277644593,82,Turf,Turf algae,0.004174942740073654,81,Macro,Macroalgae
66,mcr_lter1_fringingreef_pole4-5_qu2_20080415.jpg,281,577,0.900080142097195,84,Sand,Sand,0.04314970081593768,101,CCA,CCA (crustose coralline algae),0.023905641138132573,74,Porit,Porites,0.021359481232054424,82,Turf,Turf algae,0.004259224434626176,81,Macro,Macroalgae
67,mcr_lter1_fringingreef_pole4-5_qu2_20080415.jpg,255,668,0.5218929479483156,84,Sand,Sand,0.42040767179390715,101,CCA,CCA (crustose coralline algae),0.024069026265222313,74,Porit,Porites,0.022026263495933427,82,Turf,Turf algae,0.004305913075647533,81,Macro,Macroalgae
68,mcr_lter1_fringingreef_pole4-5_qu2_20080415.jpg,235,722,0.9267160201765533,101,CCA,CCA (crustose coralline algae),0.02592557910673226,74,Porit,Porites,0.02385732953267506,82,Turf,Turf algae,0.010974247145463325,84,Sand,Sand,0.0046552466321244474,81,Macro,Macroalgae
69,mcr_lter1_fringingreef_pole4-5_qu2_20080415.jpg,234,756,0.9282114245452328,101,CCA,CCA (crustose coralline algae),0.026279656649846564,74,Porit,Porites,0.024139028982037302,82,Turf,Turf algae,0.008842641187685105,84,Sand,Sand,0.004676406891894503,81,Macro,Macroalgae
70,mcr_lter1_fringingreef_pole4-5_qu2_20080415.jpg,324,38,0.6860095729557951,85,Off,Off,0.08509773667094038,82,Turf,Turf algae,0.08057820264155789,74,Porit,Porites,0.07957137783500004,101,CCA,CCA (crustose coralline algae),0.05602949553676883,84,Sand,Sand
71,mcr_lter1_fringingreef_pole4-5_qu2_20080415.jpg,319,97,0.5108210963222614,101,CCA,CCA (crustose coralline algae),0.4154803646851867,84,Sand,Sand,0.03114061865348632,74,Porit,Porites,0.029397609464466058,82,Turf,Turf algae,0.005048678222984289,81,Macro,Macroalgae
72,mcr_lter1_fringingreef_pole4-5_qu2_20080415.jpg,295,131,0.769893823027999,84,Sand,Sand,0.17112640106272267,101,CCA,CCA (crustose coralline algae),0.02518922835927667,74,Porit,Porites,0.022684134485203622,82,Turf,Turf algae,0.00418055333472059,81,Macro,Macroalgae
73,mcr_lter1_fringingreef_pole4-5_qu2_20080415.jpg,318,173,0.891810986734387,84,Sand,Sand,0.050342272896453384,101,CCA,CCA (crustose coralline algae),0.0250425887824409,74,Porit,Porites,0.021367289630204202,82,Turf,Turf algae,0.004239697634091727,81,Macro,Macroalgae
74,mcr_lter1_fringingreef_pole4-5_qu2_20080415.jpg,309,278,0.9052197316960975,84,Sand,Sand,0.03808801429593545,101,CCA,CCA (crustose coralline algae),0.023970358116208377,74,Porit,Porites,0.02117100980891974,82,Turf,Turf algae,0.004274726976318427,81,Macro,Macroalgae
75,mcr_lter1_fringingreef_pole4-5_qu2_20080415.jpg,341,321,0.9049859945516648,84,Sand,Sand,0.03831178533022077,101,CCA,CCA (crustose coralline algae),0.023980768568069136,74,Porit,Porites,0.02117419947207361,82,Turf,Turf algae,0.004272923656950086,81,Macro,Macroalgae
76,mcr_lter1_fringingreef_pole4-5_qu2_20080415.jpg,291,387,0.9007067952178246,84,Sand,Sand,0.041295422453878364,101,CCA,CCA (crustose coralline algae),0.024867822382571087,74,Porit,Porites,0.021634472608755242,82,Turf,Turf algae,0.004262991697140514,81,Macro,Macroalgae
77,mcr_lter1_fringingreef_pole4-5_qu2_20080415.jpg,307,405,0.8921404991212765,84,Sand,Sand,0.05013244525103006,101,CCA,CCA (crustose coralline algae),0.024676163799972506,74,Porit,Porites,0.021629416418513618,82,Turf,Turf algae,0.004237984947548733,81,Macro,Macroalgae
78,mcr_lter1_fringingreef_pole4-5_qu2_20080415.jpg,309,485,0.8591205667968217,84,Sand,Sand,0.08306816004313285,101,CCA,CCA (crustose coralline algae),0.023413665609790163,74,Porit,Porites,0.023198329832431072,82,Turf,Turf algae,0.004150841972451307,81,Macro,Macroalgae
79,mcr_lter1_fringingreef_pole4-5_qu2_20080415.jpg,328,551,0.8777700664162075,84,Sand,Sand,0.06448393526205796,101,CCA,CCA (crustose coralline algae),0.024468616420878796,74,Porit,Porites,0.02193054449227917,82,Turf,Turf algae,0.004232611230735745,81,Macro,Macroalgae
80,mcr_lter1_fringingreef_pole4-5_qu2_20080415.jpg,300,608,0.898075504218943,84,Sand,Sand,0.04539658958124995,101,CCA,CCA (crustose coralline algae),0.023845958117342615,74,Porit,Porites,0.021194076151916742,82,Turf,Turf algae,0.004252058965515655,81,Macro,Macroalgae
81,mcr_lter1_fringingreef_pole4-5_qu2_20080415.jpg,289,630,0.8878847364773169,84,Sand,Sand,0.05589725432806776,101,CCA,CCA (crustose coralline algae),0.02380587352593289,74,Porit,Porites,0.020997524909749255,82,Turf,Turf algae,0.004237113078181451,81,Macro,Macroalgae
82,mcr_lter1_fringingreef_pole4-5_qu2_20080415.jpg,290,693,0.9093554896607166,101,CCA,CCA (crustose coralline algae),0.02678850972221735,74,Porit,Porites,0.02569826221063458,82,Turf,Turf algae,0.025205317670992416,84,Sand,Sand,0.004877914122975165,81,Macro,Macroalgae
83,mcr_lter1_fringingreef_pole4-5_qu2_20080415.jpg,312,775,0.8857461308635578,101,CCA,CCA (crustose coralline algae),0.05111709701026467,82,Turf,Turf algae,0.03319900212578264,74,Porit,Porites,0.011324350081812309,84,Sand,Sand,0.008766969881671223,85,Off,Off
84,mcr_lter1_fringingreef_pole4-5_qu2_20080415.jpg,343,46,0.8076978162924116,85,Off,Off,0.064833741831063,101,CCA,CCA (crustose coralline algae),0.048997591616927086,82,Turf,Turf algae,0.03620795138352104,74,Porit,Porites,0.03200890037415461,84,Sand,Sand
85,mcr_lter1_fringingreef_pole4-5_qu2_20080415.jpg,356,63,0.5520557845219057,84,Sand,Sand,0.17676281479099934,85,Off,Off,0.11305210622525323,101,CCA,CCA (crustose coralline algae),0.08824657740198504,82,Turf,Turf algae,0.055045304151000105,74,Porit,Porites
86,mcr_lter1_fringingreef_pole4-5_qu2_20080415.jpg,375,150,0.9013004433908582,84,Sand,Sand,0.040968777199906235,101,CCA,CCA (crustose coralline algae),0.024154258539337194,74,Porit,Porites,0.02206437044650698,82,Turf,Turf algae,0.004269773880662073,81,Macro,Macroalgae
87,mcr_lter1_fringingreef_pole4-5_qu2_20080415.jpg,345,210,0.9039890257676834,84,Sand,Sand,0.03942443231190292,101,CCA,CCA (crustose coralline algae),0.023895235653777103,74,Porit,Porites,0.021150927898189845,82,Turf,Turf algae,0.004269023258987795,81,Macro,Macroalgae
88,mcr_lter1_fringingreef_pole4-5_qu2_20080415.jpg,356,284,0.9046450165172037,84,Sand,Sand,0.038534325478923756,101,CCA,CCA (crustose coralline algae),0.023998739591985382,74,Porit,Porites,0.021279177969248338,82,Turf,Turf algae,0.004273642111878581,81,Macro,Macroalgae
89,mcr_lter1_fringingreef_pole4-5_qu2_20080415.jpg,380,294,0.9053632129652079,84,Sand,Sand,0.03788835306966919,101,CCA,CCA (crustose coralline algae),0.024003826805199236,74,Porit,Porites,0.02119166726917277,82,Turf,Turf algae,0.004275439520220106,81,Macro,Macroalgae
90,mcr_lter1_fringingreef_pole4-5_qu2_20080415.jpg,382,344,0.5072677803996258,84,Sand,Sand,0.4210322495923772,74,Porit,Porites,0.03987225904495025,101,CCA,CCA (crustose coralline algae),0.020655812601353248,82,Turf,Turf algae,0.004135771561560856,81,Macro,Macroalgae
91,mcr_lter1_fringingreef_pole4-5_qu2_20080415.jpg,389,422,0.9192897043471648,74,Porit,Porites,0.03778956059023998,101,CCA,CCA (crustose coralline algae),0.021759873371339025,82,Turf,Turf algae,0.009240290200886661,84,Sand,Sand,0.004414590732218053,81,Macro,Macroalgae
92,mcr_lter1_fringingreef_pole4-5_qu2_20080415.jpg,360,507,0.900361868363708,84,Sand,Sand,0.042277236535210795,101,CCA,CCA (crustose coralline algae),0.02409564137702746,74,Porit,Porites,0.021760026641935385,82,Turf,Turf algae,0.004261050482392295,81,Macro,Macroalgae
93,mcr_lter1_fringingreef_pole4-5_qu2_20080415.jpg,395,531,0.8486119302362546,84,Sand,Sand,0.07992958510959824,101,CCA,CCA (crustose coralline algae),0.03689437284970836,74,Porit,Porites,0.023187137061010474,82,Turf,Turf algae,0.004293716871645799,81,Macro,Macroalgae
94,mcr_lter1_fringingreef_pole4-5_qu2_20080415.jpg,399,576,0.8752256258914927,101,CCA,CCA (crustose coralline algae),0.05518934145841662,84,Sand,Sand,0.028281370414611852,74,Porit,Porites,0.027931537342868098,82,Turf,Turf algae,0.005049667885611984,81,Macro,Macroalgae
95,mcr_lter1_fringingreef_pole4-5_qu2_20080415.jpg,390,679,0.8503409479919789,101,CCA,CCA (crustose coralline algae),0.09724340284861697,82,Turf,Turf algae,0.0287698516719292,74,Porit,Porites,0.010076375198210473,84,Sand,Sand,0.005137775139812074,81,Macro,Macroalgae
96,mcr_lter1_fringingreef_pole4-5_qu2_20080415.jpg,389,730,0.8208253225040147,101,CCA,CCA (crustose coralline algae),0.11613787443139176,82,Turf,Turf algae,0.038972551877164814,74,Porit,Porites,0.010003350738750246,84,Sand,Sand,0.005382700081650389,81,Macro,Macroalgae
97,mcr_lter1_fringingreef_pole4-5_qu2_20080415.jpg,358,760,0.8827414586803923,101,CCA,CCA (crustose coralline algae),0.055202306122306255,82,Turf,Turf algae,0.0379214880750354,74,Porit,Porites,0.009343718444508016,84,Sand,Sand,0.005337210386952924,85,Off,Off
98,mcr_lter1_fringingreef_pole4-5_qu2_20080415.jpg,407,17,0.8467767114652066,85,Off,Off,0.05798457978307662,82,Turf,Turf algae,0.045835216163934565,101,CCA,CCA (crustose coralline algae),0.03018210897740648,74,Porit,Porites,0.010247578789822888,84,Sand,Sand
99,mcr_lter1_fringingreef_pole4-5_qu2_20080415.jpg,423,105,0.4231181936524303,84,Sand,Sand,0.3283764297077512,101,CCA,CCA (crustose coralline algae),0.17825490401678182,82,Turf,Turf algae,0.05073375965756919,74,Porit,Porites,0.008246467928564394,81,Macro,Macroalgae
100,mcr_lter1_fringingreef_pole4-5_qu2_20080415.jpg,448,157,0.8651353451077803,84,Sand,Sand,0.07537404201727975,101,CCA,CCA (crustose coralline algae),0.024505087755442023,82,Turf,Turf algae,0.023751851967064364,74,Porit,Porites,0.004193585900928279,81,Macro,Macroalgae
101,mcr_lter1_fringingreef_pole4-5_qu2_20080415.jpg,441,187,0.9046944259707942,84,Sand,Sand,0.0385262977783396,101,CCA,CCA (crustose coralline algae),0.02399100235621728,74,Porit,Porites,0.02124539022729067,82,Turf,Turf algae,0.004271718354870609,81,Macro,Macroalgae
102,mcr_lter1_fringingreef_pole4-5_qu2_20080415.jpg,415,250,0.9048445415925718,84,Sand,Sand,0.03849163872091636,101,CCA,CCA (crustose coralline algae),0.023948555922449568,74,Porit,Porites,0.021167035560903297,82,Turf,Turf algae,0.004272470354570527,81,Macro,Macroalgae
103,mcr_lter1_fringingreef_pole4-5_qu2_20080415.jpg,407,287,0.898748956947027,84,Sand,Sand,0.03978377487201156,101,CCA,CCA (crustose coralline algae),0.028759979222438038,74,Porit,Porites,0.021194483521315238,82,Turf,Turf algae,0.004273209909993608,81,Macro,Macroalgae
104,mcr_lter1_fringingreef_pole4-5_qu2_20080415.jpg,428,346,0.920724215951166,74,Porit,Porites,0.03766647738706784,101,CCA,CCA (crustose coralline algae),0.021684941305899437,82,Turf,Turf algae,0.00802998194746278,84,Sand,Sand,0.004402418440488269,81,Macro,Macroalgae
105,mcr_lter1_fringingreef_pole4-5_qu2_20080415.jpg,411,452,0.9209274749309132,74,Porit,Porites,0.037488203358525124,101,CCA,CCA (crustose coralline algae),0.021671500007865722,82,Turf,Turf algae,0.008026113038242282,84,Sand,Sand,0.004401690364578725,81,Macro,Macroalgae
106,mcr_lter1_fringingreef_pole4-5_qu2_20080415.jpg,419,511,0.9207671634724253,74,Porit,Porites,0.03760214672172334,101,CCA,CCA (crustose coralline algae),0.021696533033415708,82,Turf,Turf algae,0.00804399237823116,84,Sand,Sand,0.004404353432743849,81,Macro,Macroalgae
107,mcr_lter1_fringingreef_pole4-5_qu2_20080415.jpg,446,543,0.9208770865812392,74,Porit,Porites,0.037542811002711285,101,CCA,CCA (crustose coralline algae),0.021688020050642506,82,Turf,Turf algae,0.00800602359353325,84,Sand,Sand,0.00440444101420682,81,Macro,Macroalgae
108,mcr_lter1_fringingreef_pole4-5_qu2_20080415.jpg,426,580,0.9026188629464192,101,CCA,CCA (crustose coralline algae),0.03425282013481638,82,Turf,Turf algae,0.031972700925165035,74,Porit,Porites,0.016520800246678343,84,Sand,Sand,0.006432746982051641,81,Macro,Macroalgae
109,mcr_lter1_fringingreef_pole4-5_qu2_20080415.jpg,418,645,0.9268653831067444,101,CCA,CCA (crustose coralline algae),0.02592340491859574,74,Porit,Porites,0.025227180181831534,82,Turf,Turf algae,0.009411469150428552,84,Sand,Sand,0.004715457407242831,81,Macro,Macroalgae
110,mcr_lter1_fringingreef_pole4-5_qu2_20080415.jpg,414,709,0.7970115090927997,101,CCA,CCA (crustose coralline algae),0.13913976282167653,82,Turf,Turf algae,0.039290318413957796,74,Porit,Porites,0.009874330005311804,84,Sand,Sand,0.005802043632334504,81,Macro,Macroalgae
111,mcr_lter1_fringingreef_pole4-5_qu2_20080415.jpg,409,782,0.6668042431801101,74,Porit,Porites,0.18218070156070285,82,Turf,Turf algae,0.09567869673008236,101,CCA,CCA (crustose coralline algae),0.029083868681160266,85,Off,Off,0.01318586217444314,84,Sand,Sand
112,mcr_lter1_fringingreef_pole4-5_qu2_20080415.jpg,511,25,0.4193583658689956,101,CCA,CCA (crustose coralline algae),0.24282089643323287,85,Off,Off,0.19093307217141817,82,Turf,Turf algae,0.08476367591564059,74,Porit,Porites,0.04244704748895683,84,Sand,Sand
113,mcr_lter1_fringingreef_pole4-5_qu2_20080415.jpg,494,110,0.6083853886977806,101,CCA,CCA (crustose coralline algae),0.3158142976524102,84,Sand,Sand,0.03216777665158727,82,Turf,Turf algae,0.029908785469714486,74,Porit,Porites,0.005301512019970919,81,Macro,Macroalgae
114,mcr_lter1_fringingreef_pole4-5_qu2_20080415.jpg,488,164,0.5515100273124793,84,Sand,Sand,0.38903004087358795,101,CCA,CCA (crustose coralline algae),0.024262718238658484,74,Porit,Porites,0.023555349518476744,82,Turf,Turf algae,0.004349283794018994,81,Macro,Macroalgae
115,mcr_lter1_fringingreef_pole4-5_qu2_20080415.jpg,509,182,0.7846238410645309,101,CCA,CCA (crustose coralline algae),0.14586284272155153,84,Sand,Sand,0.02852537762991371,74,Porit,Porites,0.027581148141862504,82,Turf,Turf algae,0.005040968739157533,81,Macro,Macroalgae
116,mcr_lter1_fringingreef_pole4-5_qu2_20080415.jpg,495,250,0.8813912663009036,74,Porit,Porites,0.06761414805527158,101,CCA,CCA (crustose coralline algae),0.024268373973814063,82,Turf,Turf algae,0.01468922700001358,84,Sand,Sand,0.004532731143267857,81,Macro,Macroalgae
117,mcr_lter1_fringingreef_pole4-5_qu2_20080415.jpg,496,335,0.9209670463287319,74,Porit,Porites,0.037472771343732954,101,CCA,CCA (crustose coralline algae),0.02166725833428515,82,Turf,Turf algae,0.00800780897474245,84,Sand,Sand,0.004401197242551329,81,Macro,Macroalgae
118,mcr_lter1_fringingreef_pole4-5_qu2_20080415.jpg,498,361,0.9210097786774656,74,Porit,Porites,0.037459294347402805,101,CCA,CCA (crustose coralline algae),0.021657398620324845,82,Turf,Turf algae,0.007986456588230858,84,Sand,Sand,0.004397497049288466,81,Macro,Macroalgae
119,mcr_lter1_fringingreef_pole4-5_qu2_20080415.jpg,493,451,0.9209748752418841,74,Porit,Porites,0.03747588610909568,101,CCA,CCA (crustose coralline algae),0.021666583106439964,82,Turf,Turf algae,0.00799564300896289,84,Sand,Sand,0.004401875300452736,81,Macro,Macroalgae
120,mcr_lter1_fringingreef_pole4-5_qu2_20080415.jpg,479,466,0.9209963415161225,74,Porit,Porites,0.03746522991371388,101,CCA,CCA (crustose coralline algae),0.021662530102998574,82,Turf,Turf algae,0.007988590600108156,84,Sand,Sand,0.004399622584934129,81,Macro,Macroalgae
121,mcr_lter1_fringingreef_pole4-5_qu2_20080415.jpg,494,542,0.9208074747933624,74,Porit,Porites,0.03760142444422414,101,CCA,CCA (crustose coralline algae),0.02169303352182779,82,Turf,Turf algae,0.008011149972061295,84,Sand,Sand,0.004405086304815233,81,Macro,Macroalgae
122,mcr_lter1_fringingreef_pole4-5_qu2_20080415.jpg,480,620,0.6632299390288805,74,Porit,Porites,0.2688441578214278,101,CCA,CCA (crustose coralline algae),0.0288637060888972,82,Turf,Turf algae,0.024795783045293084,84,Sand,Sand,0.005618461100821377,81,Macro,Macroalgae
123,mcr_lter1_fringingreef_pole4-5_qu2_20080415.jpg,469,679,0.5590732354189794,74,Porit,Porites,0.3764877643884279,101,CCA,CCA (crustose coralline algae),0.04066269497726651,82,Turf,Turf algae,0.009950671494740635,84,Sand,Sand,0.005386814364715992,81,Macro,Macroalgae
124,mcr_lter1_fringingreef_pole4-5_qu2_20080415.jpg,472,704,0.4996197980759188,101,CCA,CCA (crustose coralline algae),0.4269847608108861,74,Porit,Porites,0.04881503141297082,82,Turf,Turf algae,0.01019527496685921,84,Sand,Sand,0.005466983859697602,81,Macro,Macroalgae
125,mcr_lter1_fringingreef_pole4-5_qu2_20080415.jpg,485,778,0.7493561311776925,85,Off,Off,0.14804837434294843,74,Porit,Porites,0.050430578156194505,101,CCA,CCA (crustose coralline algae),0.031829045354414054,82,Turf,Turf algae,0.01071999314407751,84,Sand,Sand
126,mcr_lter1_fringingreef_pole4-5_qu2_20080415.jpg,533,51,0.6815555708203711,84,Sand,Sand,0.11086787489366083,101,CCA,CCA (crustose coralline algae),0.07607688206231479,85,Off,Off,0.06992660253774749,82,Turf,Turf algae,0.048194247130209776,74,Porit,Porites
127,mcr_lter1_fringingreef_pole4-5_qu2_20080415.jpg,548,63,0.5581250415976193,101,CCA,CCA (crustose coralline algae),0.18503741157960904,84,Sand,Sand,0.12334894907440896,82,Turf,Turf algae,0.06432681248520544,74,Porit,Porites,0.05152153234797752,85,Off,Off
128,mcr_lter1_fringingreef_pole4-5_qu2_20080415.jpg,566,116,0.8931431915743063,101,CCA,CCA (crustose coralline algae),0.041074651220807966,82,Turf,Turf algae,0.02955939717085284,74,Porit,Porites,0.022684082810406774,84,Sand,Sand,0.005372716616145733,81,Macro,Macroalgae
129,mcr_lter1_fringingreef_pole4-5_qu2_20080415.jpg,515,184,0.8316472526462447,101,CCA,CCA (crustose coralline algae),0.09957294262834127,84,Sand,Sand,0.028163357936059348,74,Porit,Porites,0.027263111408783843,82,Turf,Turf algae,0.0050175434825189555,81,Macro,Macroalgae
130,mcr_lter1_fringingreef_pole4-5_qu2_20080415.jpg,536,251,0.9198947393397751,74,Porit,Porites,0.037870215928634286,101,CCA,CCA (crustose coralline algae),0.02184088304069679,82,Turf,Turf algae,0.008537656391210095,84,Sand,Sand,0.004417124420058799,81,Macro,Macroalgae
131,mcr_lter1_fringingreef_pole4-5_qu2_20080415.jpg,544,302,0.920971685824447,74,Porit,Porites,0.037477174641197444,101,CCA,CCA (crustose coralline algae),0.021669300304005056,82,Turf,Turf algae,0.00799622546696075,84,Sand,Sand,0.004400091256939617,81,Macro,Macroalgae
132,mcr_lter1_fringingreef_pole4-5_qu2_20080415.jpg,554,356,0.9207841346812644,74,Porit,Porites,0.03760505284240319,101,CCA,CCA (crustose coralline algae),0.021712105563487023,82,Turf,Turf algae,0.0080126866958539,84,Sand,Sand,0.004406205363120065,81,Macro,Macroalgae
133,mcr_lter1_fringingreef_pole4-5_qu2_20080415.jpg,531,403,0.9210071704222734,74,Porit,Porites,0.03745950111204395,101,CCA,CCA (crustose coralline algae),0.021658183298033117,82,Turf,Turf algae,0.007987519643096139,84,Sand,Sand,0.00439837832388543,81,Macro,Macroalgae
134,mcr_lter1_fringingreef_pole4-5_qu2_20080415.jpg,558,479,0.920905480918883,74,Porit,Porites,0.03751378453523676,101,CCA,CCA (crustose coralline algae),0.02169424880163211,82,Turf,Turf algae,0.00799628974947403,84,Sand,Sand,0.00440979186274545,81,Macro,Macroalgae
135,mcr_lter1_fringingreef_pole4-5_qu2_20080415.jpg,515,549,0.920819654470023,74,Porit,Porites,0.037611011404566144,101,CCA,CCA (crustose coralline algae),0.021685833385467406,82,Turf,Turf algae,0.00799669534138549,84,Sand,Sand,0.004401804484864872,81,Macro,Macroalgae
136,mcr_lter1_fringingreef_pole4-5_qu2_20080415.jpg,544,576,0.9209791307218922,74,Porit,Porites,0.037476887328773925,101,CCA,CCA (crustose coralline algae),0.021668556059439605,82,Turf,Turf algae,0.0079924419861249,84,Sand,Sand,0.004400810284337985,81,Macro,Macroalgae
137,mcr_lter1_fringingreef_pole4-5_qu2_20080415.jpg,524,660,0.9206809624517277,74,Porit,Porites,0.03768254004208023,101,CCA,CCA (crustose coralline algae),0.0217373524809829,82,Turf,Turf algae,0.008018197323246233,84,Sand,Sand,0.0044073751535358046,81,Macro,Macroalgae
138,mcr_lter1_fringingreef_pole4-5_qu2_20080415.jpg,546,722,0.9196203585269588,74,Porit,Porites,0.038279609610608584,101,CCA,CCA (crustose coralline algae),0.022253025015250723,82,Turf,Turf algae,0.007999587476701826,84,Sand,Sand,0.004407599868554992,81,Macro,Macroalgae
139,mcr_lter1_fringingreef_pole4-5_qu2_20080415.jpg,550,748,0.9194442055694896,74,Porit,Porites,0.03831974188809834,101,CCA,CCA (crustose coralline algae),0.022335757818913286,82,Turf,Turf algae,0.008030204823580835,84,Sand,Sand,0.0044171749564204405,81,Macro,Macroalgae
140,mcr_lter1_fringingreef_pole4-5_qu2_20080415.jpg,583,51,0.6109149169090048,101,CCA,CCA (crustose coralline algae),0.1268585137146267,82,Turf,Turf algae,0.11406420515580937,84,Sand,Sand,0.06643152444083328,85,Off,Off,0.06288955764148726,74,Porit,Porites
141,mcr_lter1_fringingreef_pole4-5_qu2_20080415.jpg,611,83,0.8446003464080906,101,CCA,CCA (crustose coralline algae),0.08281890624180648,82,Turf,Turf algae,0.031122442500294167,74,Porit,Porites,0.02675648084880242,84,Sand,Sand,0.005764482281602542,81,Macro,Macroalgae
142,mcr_lter1_fringingreef_pole4-5_qu2_20080415.jpg,574,149,0.8713462586255403,101,CCA,CCA (crustose coralline algae),0.048925075753714256,84,Sand,Sand,0.03573916382356094,82,Turf,Turf algae,0.030196533377556945,74,Porit,Porites,0.00544482323715582,81,Macro,Macroalgae
143,mcr_lter1_fringingreef_pole4-5_qu2_20080415.jpg,620,198,0.920976983140686,74,Porit,Porites,0.03747664744233708,101,CCA,CCA (crustose coralline algae),0.02167139863078398,82,Turf,Turf algae,0.007991886535320418,84,Sand,Sand,0.004399579307907731,81,Macro,Macroalgae
144,mcr_lter1_fringingreef_pole4-5_qu2_20080415.jpg,601,282,0.9210130639525451,74,Porit,Porites,0.03745668784958307,101,CCA,CCA (crustose coralline algae),0.021657219749405765,82,Turf,Turf algae,0.007986549049680772,84,Sand,Sand,0.004397524518010088,81,Macro,Macroalgae
145,mcr_lter1_fringingreef_pole4-5_qu2_20080415.jpg,587,312,0.9210170725228299,74,Porit,Porites,0.03745342379587317,101,CCA,CCA (crustose coralline algae),0.021656606851873976,82,Turf,Turf algae,0.007986438768798712,84,Sand,Sand,0.004397314962403773,81,Macro,Macroalgae
146,mcr_lter1_fringingreef_pole4-5_qu2_20080415.jpg,589,385,0.9209724071345314,74,Porit,Porites,0.037474952823053485,101,CCA,CCA (crustose coralline algae),0.021676481345472665,82,Turf,Turf algae,0.007991523874938521,84,Sand,Sand,0.004401100908062491,81,Macro,Macroalgae
147,mcr_lter1_fringingreef_pole4-5_qu2_20080415.jpg,588,451,0.9210004394027749,74,Porit,Porites,0.03746086645692272,101,CCA,CCA (crustose coralline algae),0.02166506398191074,82,Turf,Turf algae,0.007988196566933179,84,Sand,Sand,0.004399206712474045,81,Macro,Macroalgae
148,mcr_lter1_fringingreef_pole4-5_qu2_20080415.jpg,593,483,0.9210035304021399,74,Porit,Porites,0.03746302662063117,101,CCA,CCA (crustose coralline algae),0.02166022524136876,82,Turf,Turf algae,0.007987928748785952,84,Sand,Sand,0.0043975947834196645,81,Macro,Macroalgae
149,mcr_lter1_fringingreef_pole4-5_qu2_20080415.jpg,625,514,0.9210158192402274,74,Porit,Porites,0.03745427605329044,101,CCA,CCA (crustose coralline algae),0.02165766292407044,82,Turf,Turf algae,0.00798679429189267,84,Sand,Sand,0.004397304444786252,81,Macro,Macroalgae
150,mcr_lter1_fringingreef_pole4-5_qu2_20080415.jpg,578,580,0.9210073858655932,74,Porit,Porites,0.037459405325386386,101,CCA,CCA (crustose coralline algae),0.021658877001156405,82,Turf,Turf algae,0.007987981352905942,84,Sand,Sand,0.004398765140151294,81,Macro,Macroalgae
151,mcr_lter1_fringingreef_pole4-5_qu2_20080415.jpg,624,672,0.9209580188858772,74,Porit,Porites,0.037486713934983346,101,CCA,CCA (crustose coralline algae),0.021688375813762404,82,Turf,Turf algae,0.00799098408874713,84,Sand,Sand,0.004401456785625963,81,Macro,Macroalgae
152,mcr_lter1_fringingreef_pole4-5_qu2_20080415.jpg,622,724,0.9155721615475266,74,Porit,Porites,0.041789981544037354,101,CCA,CCA (crustose coralline algae),0.0231555364453348,82,Turf,Turf algae,0.008042883309677415,84,Sand,Sand,0.004440901944657791,81,Macro,Macroalgae
153,mcr_lter1_fringingreef_pole4-5_qu2_20080415.jpg,626,775,0.7795659886948373,74,Porit,Porites,0.12786441599448647,85,Off,Off,0.04703385177635037,101,CCA,CCA (crustose coralline algae),0.027517079042497262,82,Turf,Turf algae,0.009802861680058837,84,Sand,Sand
154,mcr_lter1_fringingreef_pole4-5_qu2_20080415.jpg,650,1,0.6515568437551956,101,CCA,CCA (crustose coralline algae),0.1242070462486434,84,Sand,Sand,0.07200736473397515,82,Turf,Turf algae,0.06905571017937426,85,Off,Off,0.06661433968067383,74,Porit,Porites
155,mcr_lter1_fringingreef_pole4-5_qu2_20080415.jpg,635,79,0.8227136914338291,101,CCA,CCA (crustose coralline algae),0.06572454640747699,82,Turf,Turf algae,0.059617888858478,84,Sand,Sand,0.03602751823001748,74,Porit,Porites,0.006377253616706149,81,Macro,Macroalgae
156,mcr_lter1_fringingreef_pole4-5_qu2_20080415.jpg,673,116,0.8340882569649489,101,CCA,CCA (crustose coralline algae),0.056634380593466836,82,Turf,Turf algae,0.04895927931795717,84,Sand,Sand,0.043863055009479776,74,Porit,Porites,0.007265388372477925,81,Macro,Macroalgae
157,mcr_lter1_fringingreef_pole4-5_qu2_20080415.jpg,682,195,0.920963889682409,74,Porit,Porites,0.03748337856204581,101,CCA,CCA (crustose coralline algae),0.021674273154986084,82,Turf,Turf algae,0.007993256648402768,84,Sand,Sand,0.004398939452833028,81,Macro,Macroalgae
158,mcr_lter1_fringingreef_pole4-5_qu2_20080415.jpg,675,240,0.9210002654223282,74,Porit,Porites,0.03746106448257765,101,CCA,CCA (crustose coralline algae),0.021664743460265944,82,Turf,Turf algae,0.007990201203165606,84,Sand,Sand,0.004397915222497665,81,Macro,Macroalgae
159,mcr_lter1_fringingreef_pole4-5_qu2_20080415.jpg,660,338,0.9210013837503476,74,Porit,Porites,0.03745901279219093,101,CCA,CCA (crustose coralline algae),0.021668678502856,82,Turf,Turf algae,0.007987779138693217,84,Sand,Sand,0.004398399284226516,81,Macro,Macroalgae
160,mcr_lter1_fringingreef_pole4-5_qu2_20080415.jpg,660,368,0.921008461216775,74,Porit,Porites,0.03745638165050041,101,CCA,CCA (crustose coralline algae),0.021664392109237193,82,Turf,Turf algae,0.00798747956040304,84,Sand,Sand,0.004397968890394075,81,Macro,Macroalgae
161,mcr_lter1_fringingreef_pole4-5_qu2_20080415.jpg,668,407,0.9209283623236463,74,Porit,Porites,0.03748708733305364,101,CCA,CCA (crustose coralline algae),0.021701671058923545,82,Turf,Turf algae,0.008002223402535053,84,Sand,Sand,0.004405645629738127,81,Macro,Macroalgae
162,mcr_lter1_fringingreef_pole4-5_qu2_20080415.jpg,657,512,0.9209938757333402,74,Porit,Porites,0.037464630688254744,101,CCA,CCA (crustose coralline algae),0.021668513851088637,82,Turf,Turf algae,0.007994212697801992,84,Sand,Sand,0.004398592238647475,81,Macro,Macroalgae
163,mcr_lter1_fringingreef_pole4-5_qu2_20080415.jpg,661,539,0.9209945026282977,74,Porit,Porites,0.03746147728839956,101,CCA,CCA (crustose coralline algae),0.02166990133949112,82,Turf,Turf algae,0.007994581977598692,84,Sand,Sand,0.004400959554354981,81,Macro,Macroalgae
164,mcr_lter1_fringingreef_pole4-5_qu2_20080415.jpg,675,582,0.9210151506681942,74,Porit,Porites,0.037454284486681616,101,CCA,CCA (crustose coralline algae),0.021657937576729337,82,Turf,Turf algae,0.0079865721586213,84,Sand,Sand,0.004398090572474175,81,Macro,Macroalgae
165,mcr_lter1_fringingreef_pole4-5_qu2_20080415.jpg,639,642,0.9210021348746781,74,Porit,Porites,0.03746235588119742,101,CCA,CCA (crustose coralline algae),0.02166534290151217,82,Turf,Turf algae,0.007986964421846342,84,Sand,Sand,0.0043979030877996155,81,Macro,Macroalgae
166,mcr_lter1_fringingreef_pole4-5_qu2_20080415.jpg,631,712,0.9150021044399481,74,Porit,Porites,0.04250953807007148,101,CCA,CCA (crustose coralline algae),0.02303019065804696,82,Turf,Turf algae,0.008092705282260557,84,Sand,Sand,0.004502412090073074,81,Macro,Macroalgae
167,mcr_lter1_fringingreef_pole4-5_qu2_20080415.jpg,635,761,0.9202751130744393,74,Porit,Porites,0.03816768216037462,101,CCA,CCA (crustose coralline algae),0.0222248284964039,82,Turf,Turf algae,0.008015049129524979,84,Sand,Sand,0.004415262809159031,81,Macro,Macroalgae
168,mcr_lter1_fringingreef_pole4-5_qu2_20080415.jpg,695,54,0.5738224857515201,101,CCA,CCA (crustose coralline algae),0.17891086342861418,74,Porit,Porites,0.11035195863615777,84,Sand,Sand,0.07138382851093149,82,Turf,Turf algae,0.047729171085356646,85,Off,Off
169,mcr_lter1_fringingreef_pole4-5_qu2_20080415.jpg,697,57,0.35882556505540963,101,CCA,CCA (crustose coralline algae),0.3067751195098805,84,Sand,Sand,0.1967714949521225,74,Porit,Porites,0.06150681101783419,82,Turf,Turf algae,0.05687328601056858,85,Off,Off
170,mcr_lter1_fringingreef_pole4-5_qu2_20080415.jpg,733,167,0.9209382335702223,74,Porit,Porites,0.037497724251145614,101,CCA,CCA (crustose coralline algae),0.021694922336895205,82,Turf,Turf algae,0.007989962976107936,84,Sand,Sand,0.004397843579280934,81,Macro,Macroalgae
171,mcr_lter1_fringingreef_pole4-5_qu2_20080415.jpg,741,193,0.920994581565377,74,Porit,Porites,0.037464830960605815,101,CCA,CCA (crustose coralline algae),0.021669142598532535,82,Turf,Turf algae,0.007988011860889464,84,Sand,Sand,0.004397507568267513,81,Macro,Macroalgae
172,mcr_lter1_fringingreef_pole4-5_qu2_20080415.jpg,691,272,0.9210045579119944,74,Porit,Porites,0.03745781493645401,101,CCA,CCA (crustose coralline algae),0.021664946716666328,82,Turf,Turf algae,0.007988026619647714,84,Sand,Sand,0.004398627283585339,81,Macro,Macroalgae
173,mcr_lter1_fringingreef_pole4-5_qu2_20080415.jpg,701,339,0.9210106560024294,74,Porit,Porites,0.03745576795989977,101,CCA,CCA (crustose coralline algae),0.021665043899663294,82,Turf,Turf algae,0.007987496873403091,84,Sand,Sand,0.004397567859992306,81,Macro,Macroalgae
174,mcr_lter1_fringingreef_pole4-5_qu2_20080415.jpg,731,342,0.9209503618924356,74,Porit,Porites,0.037487923158278216,101,CCA,CCA (crustose coralline algae),0.021694055568932797,82,Turf,Turf algae,0.007995846787272219,84,Sand,Sand,0.004401476548316505,81,Macro,Macroalgae
175,mcr_lter1_fringingreef_pole4-5_qu2_20080415.jpg,690,432,0.9209266370464679,74,Porit,Porites,0.03750057942839888,101,CCA,CCA (crustose coralline algae),0.021686825962282167,82,Turf,Turf algae,0.008013099093103528,84,Sand,Sand,0.004400205329037853,81,Macro,Macroalgae
176,mcr_lter1_fringingreef_pole4-5_qu2_20080415.jpg,694,492,0.9209944345289144,74,Porit,Porites,0.037466207560012024,101,CCA,CCA (crustose coralline algae),0.021670835547393356,82,Turf,Turf algae,0.007991493691436865,84,Sand,Sand,0.004398388208665826,81,Macro,Macroalgae
177,mcr_lter1_fringingreef_pole4-5_qu2_20080415.jpg,728,550,0.9209506803867284,74,Porit,Porites,0.03748086972532747,101,CCA,CCA (crustose coralline algae),0.0216872750118499,82,Turf,Turf algae,0.008000756464039672,84,Sand,Sand,0.004403634766259776,81,Macro,Macroalgae
178,mcr_lter1_fringingreef_pole4-5_qu2_20080415.jpg,732,601,0.9209511274366279,74,Porit,Porites,0.037478278071278626,101,CCA,CCA (crustose coralline algae),0.021691546587152024,82,Turf,Turf algae,0.008002178837325891,84,Sand,Sand,0.004405381676862292,81,Macro,Macroalgae
179,mcr_lter1_fringingreef_pole4-5_qu2_20080415.jpg,707,675,0.9209717912270838,74,Porit,Porites,0.03747828624444821,101,CCA,CCA (crustose coralline algae),0.0216782127507372,82,Turf,Turf algae,0.007988924481642172,84,Sand,Sand,0.004400053778740881,81,Macro,Macroalgae
180,mcr_lter1_fringingreef_pole4-5_qu2_20080415.jpg,706,722,0.9209635466090864,74,Porit,Porites,0.03748753961148191,101,CCA,CCA (crustose coralline algae),0.021701206916941426,82,Turf,Turf algae,0.007986623602625044,84,Sand,Sand,0.004398848108143212,81,Macro,Macroalgae
181,mcr_lter1_fringingreef_pole4-5_qu2_20080415.jpg,702,750,0.9199047394553169,74,Porit,Porites,0.03832857443928828,101,CCA,CCA (crustose coralline algae),0.02245438633401706,82,Turf,Turf algae,0.008061128171358668,84,Sand,Sand,0.004431724149953689,81,Macro,Macroalgae
182,mcr_lter1_fringingreef_pole4-5_qu2_20080415.jpg,764,46,0.4565770355903745,101,CCA,CCA (crustose coralline algae),0.3354383749185372,74,Porit,Porites,0.07849129333192917,85,Off,Off,0.06830614050077316,82,Turf,Turf algae,0.04416344157967297,84,Sand,Sand
183,mcr_lter1_fringingreef_pole4-5_qu2_20080415.jpg,748,62,0.31141249861373943,74,Porit,Porites,0.30369485323155726,85,Off,Off,0.23475754593496562,101,CCA,CCA (crustose coralline algae),0.0679153598529058,84,Sand,Sand,0.06497835204256219,82,Turf,Turf algae
184,mcr_lter1_fringingreef_pole4-5_qu2_20080415.jpg,745,124,0.9209646034413242,74,Porit,Porites,0.03748492669780189,101,CCA,CCA (crustose coralline algae),0.021684886822209915,82,Turf,Turf algae,0.007987267470660612,84,Sand,Sand,0.004397628231661742,81,Macro,Macroalgae
185,mcr_lter1_fringingreef_pole4-5_qu2_20080415.jpg,789,203,0.8974627620206183,74,Porit,Porites,0.04937394011500548,101,CCA,CCA (crustose coralline algae),0.026270571883099933,82,Turf,Turf algae,0.010116965379012344,84,Sand,Sand,0.00834347656100016,85,Off,Off
186,mcr_lter1_fringingreef_pole4-5_qu2_20080415.jpg,759,251,0.9163396967350499,74,Porit,Porites,0.03919559788684993,101,CCA,CCA (crustose coralline algae),0.022502315261237953,82,Turf,Turf algae,0.00879651375676302,84,Sand,Sand,0.004941379159289314,85,Off,Off
187,mcr_lter1_fringingreef_pole4-5_qu2_20080415.jpg,786,299,0.8982163269701214,74,Porit,Porites,0.042634237330558926,101,CCA,CCA (crustose coralline algae),0.02448168147915747,82,Turf,Turf algae,0.01771096737918477,85,Off,Off,0.008887635015515902,84,Sand,Sand
188,mcr_lter1_fringingreef_pole4-5_qu2_20080415.jpg,785,371,0.8341890896483231,74,Porit,Porites,0.07217377011153153,101,CCA,CCA (crustose coralline algae),0.03535560231060247,82,Turf,Turf algae,0.03298033308950685,85,Off,Off,0.016096467357114667,84,Sand,Sand
189,mcr_lter1_fringingreef_pole4-5_qu2_20080415.jpg,778,442,0.8878418135381632,74,Porit,Porites,0.05453521589013835,101,CCA,CCA (crustose coralline algae),0.02955637291035194,82,Turf,Turf algae,0.013595333581791292,84,Sand,Sand,0.006309167195450184,85,Off,Off
190,mcr_lter1_fringingreef_pole4-5_qu2_20080415.jpg,798,468,0.9078633392032595,74,Porit,Porites,0.04252514024702638,101,CCA,CCA (crustose coralline algae),0.026799163048081477,82,Turf,Turf algae,0.010860330084170887,84,Sand,Sand,0.004547698433242043,81,Macro,Macroalgae
191,mcr_lter1_fringingreef_pole4-5_qu2_20080415.jpg,797,541,0.8818159650048042,74,Porit,Porites,0.05023090393310514,101,CCA,CCA (crustose coralline algae),0.0317687285109709,82,Turf,Turf algae,0.01787723466997031,84,Sand,Sand,0.01005146577341988,85,Off,Off
192,mcr_lter1_fringingreef_pole4-5_qu2_20080415.jpg,796,610,0.8847967931865675,74,Porit,Porites,0.05135495099572561,101,CCA,CCA (crustose coralline algae),0.032013244639554704,82,Turf,Turf algae,0.014091601254864049,84,Sand,Sand,0.009258129598753006,85,Off,Off
193,mcr_lter1_fringingreef_pole4-5_qu2_20080415.jpg,777,639,0.8093548134902601,74,Porit,Porites,0.07909964749990482,101,CCA,CCA (crustose coralline algae),0.04388672845855103,82,Turf,Turf algae,0.03957045069830711,85,Off,Off,0.01755565498410509,84,Sand,Sand
194,mcr_lter1_fringingreef_pole4-5_qu2_20080415.jpg,788,690,0.879479433473128,74,Porit,Porites,0.06027749571591546,101,CCA,CCA (crustose coralline algae),0.029560398896041503,82,Turf,Turf algae,0.011364718360031842,85,Off,Off,0.010576209337248878,84,Sand,Sand
195,mcr_lter1_fringingreef_pole4-5_qu2_20080415.jpg,752,749,0.9152330497683223,74,Porit,Porites,0.0392811002557188,101,CCA,CCA (crustose coralline algae),0.02401526573316252,82,Turf,Turf algae,0.008242142975125964,84,Sand,Sand,0.0051841813847727045,85,Off,Off
